,City,Country,Cloudiness,Date,Humidity,Lat,Lng,Max Temp,Wind Speed
0,sinjar,SY,0,1524007705,37,35.59,37,52.13,4.72
1,bela,PK,0,1524007706,42,26.23,66.31,62.7,3.83
2,mangrol,IN,0,1524007706,34,25.33,76.51,67.92,4.61
3,la ligua,CL,0,1524006000,72,-32.45,-71.23,60.8,4.7
4,nadvoitsy,RU,20,1524007706,85,63.89,34.27,28.01,2.93
5,dingli,MT,0,1524005100,87,35.86,14.38,59,4.7
6,yokadouma,CM,56,1524007707,98,3.52,15.05,68.1,3.83
7,madingou,CG,8,1524007707,79,-4.17,13.56,75.93,3.38
8,uyskoye,RU,36,1524007708,77,54.37,60.01,19.68,4.61
9,damara,CF,0,1524006000,74,4.96,18.7,82.4,2.24
10,damghan,IR,36,1524007708,80,36.17,54.34,34.13,2.82
11,svetlogorsk,RU,40,1524006000,58,53.14,59.15,28.4,6.71
12,kalabo,ZM,88,1524007709,42,-15,22.67,74.4,8.75
13,esil,KZ,80,1524007709,64,51.96,66.41,31.47,7.63
14,salinopolis,BR,64,1524007710,100,-0.61,-47.36,79.35,6.96
15,boca do acre,BR,56,1524007710,90,-8.76,-67.39,77.37,1.92
16,atakpame,TG,0,1524007710,75,7.53,1.13,74.94,6.17
17,salamiyah,SY,0,1524007710,40,35.01,37.05,42.27,4.16
18,lenger,KZ,90,1524006000,93,42.18,69.89,44.6,13.42
19,samara,RU,0,1524004200,52,53.2,50.11,44.6,0.69
20,velyka lepetykha,UA,76,1524007711,72,47.18,33.94,52.89,4.72
21,abnub,EG,0,1524002400,26,27.27,31.15,78.8,11.41
22,libourne,FR,0,1524006000,82,44.91,-0.24,57.2,3.36
23,mirnyy,RU,88,1524007712,94,56.57,36.46,53.34,8.75
24,loandjili,CG,40,1524006000,79,-4.77,11.87,84.2,8.05
25,parana,BR,20,1524006000,88,-7.52,-72.89,78.8,1.12
26,visby,SE,8,1524005400,93,57.64,18.3,42.8,8.05
27,whitley bay,GB,0,1524005400,76,55.04,-1.44,51.8,6.93
28,severnyy-kospashskiy,RU,0,1524007714,75,59.09,57.8,5.19,3.15
29,brcko,BA,40,1524006000,93,44.87,18.81,57.2,8.05
30,mayor pablo lagerenza,PY,20,1524007715,87,-19.93,-60.77,71.79,3.94
31,idil,TR,0,1524007715,64,37.34,41.89,45.2,2.82
32,cuamba,MZ,0,1524007715,96,-14.8,36.54,64.23,6.29
33,tetovo,BG,76,1524007716,79,43.82,26.29,51.99,1.7
34,kasempa,ZM,32,1524007716,83,-13.46,25.83,60.32,3.15
35,wajir,KE,76,1524007716,92,1.75,40.07,73.01,2.93
36,pecky,CZ,0,1524006000,87,50.09,15.03,50,1.12
37,rypefjord,NO,40,1524005400,98,70.63,23.67,32,2.24
38,weligama,LK,64,1524007717,100,5.97,80.42,79.22,3.27
39,betare oya,CM,20,1524007717,88,5.6,14.08,70.17,3.94
40,eydhafushi,MV,88,1524007718,100,5.1,73.07,85.16,6.17
41,oktyabrskoye,RU,76,1524007718,73,56.73,85.44,17.57,3.38
42,zhezkazgan,KZ,40,1524006000,77,47.8,67.71,35.6,11.18
43,surt,LY,20,1524007600,100,31.21,16.59,60.68,11.99
44,hwange,ZW,20,1524007719,81,-18.35,26.5,62.3,2.82
45,callaway,US,1,1524006960,34,46.98,-95.91,51.8,8.05
46,corralillo,CU,0,1524007720,74,22.98,-80.59,73.59,10.2
47,tomelloso,ES,0,1524007720,64,39.16,-3.02,47.81,6.96
48,saint anthony,US,40,1524005760,28,43.97,-111.68,44.6,8.05
49,batouri,CM,68,1524007721,83,4.44,14.36,72.38,6.17
50,qorveh,IR,8,1524007721,70,35.17,47.8,27.6,0.81
51,upata,VE,56,1524007721,97,8.02,-62.41,69.99,4.94
52,mwense,ZM,44,1524007721,94,-10.39,28.7,63.38,2.37
53,lyaskelya,RU,92,1524007722,94,61.77,31.02,39.75,8.41
54,santa fe,AR,48,1524007722,62,-31.62,-60.7,75.08,5.95
55,sechura,PE,32,1524007722,68,-5.56,-80.82,74.85,9.19
56,belyy yar,RU,0,1524006000,74,53.6,91.39,30.2,8.95
57,abu dhabi,AE,0,1524006000,65,24.47,54.37,80.6,10.29
58,somotillo,NI,20,1524006000,46,13.04,-86.91,93.2,4.7
59,jega,NG,8,1524007723,43,12.22,4.38,79.13,6.17
60,teguldet,RU,0,1524007724,69,57.31,88.17,15.41,6.29
61,high rock,BS,20,1524006000,60,26.63,-78.28,73.4,8.05
62,barentu,ER,0,1524007724,50,15.11,37.59,58.07,1.92
63,pedasi,PA,0,1524007725,93,7.53,-80.03,81.6,15.79
64,kontagora,NG,0,1524007725,58,10.4,5.47,80.43,5.73
65,nehalim,IL,0,1524005400,59,32.06,34.91,64.4,4.7
66,mulchen,CL,0,1524007726,85,-37.72,-72.23,44.21,5.95
67,baherden,TM,20,1524007726,79,38.44,57.43,37.68,2.71
68,minervino murge,IT,0,1524005400,93,41.09,16.08,57.2,4.7
69,ellisras,ZA,0,1524007726,66,-23.67,27.74,60.68,5.95
70,alta,NO,20,1524005400,86,69.97,23.27,26.6,2.24
71,karaidel,RU,32,1524007727,85,55.83,56.91,24.77,4.61
72,goderich,CA,92,1524007727,86,43.74,-81.71,33.32,16.69
73,aasiaat,GL,0,1524007728,88,68.71,-52.87,16.31,0.25
74,jacqueville,CI,20,1524006000,83,5.21,-4.42,84.2,8.05
75,carutapera,BR,48,1524007728,98,-1.2,-46.02,76.74,3.71
76,lagunas,PE,44,1524007728,87,-5.23,-75.68,77.42,2.59
77,nara,JP,75,1524004200,100,34.68,135.8,57.2,2.24
78,arsk,RU,0,1524006000,64,56.09,49.88,37.4,4.47
79,sari,IR,0,1524007729,92,36.57,53.06,40.74,3.6
80,san rafael,AR,0,1524007730,48,-34.61,-68.33,51.68,4.83
81,orlovskiy,RU,8,1524007730,77,46.87,42.05,43.8,2.93
82,chicama,PE,40,1524006000,82,-7.84,-79.15,68,9.17
83,carnarvon,ZA,80,1524007731,97,-30.97,22.13,55.37,8.52
84,mapiripan,CO,92,1524007518,97,2.89,-72.13,71.07,5.84
85,urbana,US,75,1524006900,61,40.11,-88.21,51.8,4.7
86,umm lajj,SA,0,1524007732,84,25.02,37.27,69.5,4.94
87,kristiansand,US,1,1524005940,30,37.36,-76.77,55.4,9.75
88,karla,EE,90,1524005400,93,59.37,24.93,39.2,10.29
89,kangasala,FI,75,1524005400,100,61.46,24.07,39.2,5.82
90,tessalit,ML,0,1524007733,26,20.2,1.01,59.15,5.39
91,bilaspur,IN,32,1524007733,70,22.08,82.15,73.55,2.59
92,keita,NG,20,1524006000,83,7.1,3.65,82.4,2.24
93,anamur,TR,0,1524007734,79,36.08,32.84,62.75,1.59
94,jablanica,BA,40,1524006000,77,43.66,17.76,59,4.7
95,chirkey,RU,20,1524006000,93,42.96,46.98,35.6,4.47
96,harnosand,SE,0,1524005400,92,62.63,17.94,32,1.12
97,the valley,AI,40,1524006000,78,18.22,-63.06,78.8,9.17
98,tyup,KG,92,1524007735,98,42.73,78.36,31.74,0.92
99,susehri,TR,0,1524007735,79,40.16,38.09,29.63,1.59
100,vasilyevskiy mokh,RU,92,1524007735,98,57.01,35.92,53.97,8.75
101,ormara,PK,0,1524007736,77,25.21,64.64,78.32,10.65
102,acari,BR,88,1524007736,81,-6.44,-36.64,73.95,7.74
103,thatta,IN,0,1524005700,60,31.7,74.64,75.2,5.82
104,puerto asis,CO,32,1524007737,89,0.51,-76.5,74.4,2.37
105,mmabatho,ZA,56,1524006000,87,-25.85,25.61,60.8,4.7
106,brindisi,IT,75,1524005400,93,40.63,17.94,59,9.17
107,montes altos,BR,76,1524007737,87,-5.83,-47.07,74.81,3.94
108,kathmandu,NP,20,1524005400,93,27.71,85.32,59,2.24
109,turmalina,BR,68,1524007738,86,-17.29,-42.73,65.67,12.33
110,kambove,CD,0,1524007738,88,-10.88,26.6,57.35,2.37
111,mamallapuram,IN,40,1524006000,83,12.63,80.17,84.2,5.82
112,itacoatiara,BR,76,1524007739,93,-3.14,-58.44,77.33,3.15
113,mazagao,BR,20,1524006000,100,-0.12,-51.29,78.8,5.82
114,caraz,PE,0,1524007740,63,-9.05,-77.81,54.65,1.36
115,kralendijk,BQ,40,1524002100,78,12.15,-68.27,82.4,19.46
116,dubti,ET,56,1524007740,66,11.74,41.09,74.18,2.93
117,warrington,GB,40,1524005400,87,53.39,-2.59,55.4,9.17
118,maine-soroa,NE,24,1524007741,51,13.21,12.02,79.08,3.04
119,valvedditturai,LK,0,1524007741,100,9.82,80.17,80.93,7.18
120,soure,PT,0,1524006000,93,40.06,-8.63,53.6,1.12
121,alberton,ZA,36,1524006000,93,-26.25,28.13,60.8,2.93
122,asosa,ET,0,1524007742,80,10.07,34.53,65.85,4.38
123,eyl,SO,80,1524007742,100,7.98,49.82,75.62,2.59
124,buenaventura,CO,92,1524007743,99,3.89,-77.07,70.44,1.7
125,rentina,GR,20,1524005400,76,40.66,23.61,53.6,5.82
126,oromocto,CA,90,1524006000,100,45.85,-66.47,41,6.93
127,chudniv,UA,56,1524007743,84,50.05,28.12,57.03,11.65
128,aksarka,RU,24,1524007744,75,66.56,67.8,5.6,15.12
129,pailon,BO,75,1524006000,94,-17.66,-62.72,77,3.36
130,hun,BE,0,1524007200,71,50.34,4.87,57.2,3.36
131,pilar,AR,0,1524006000,83,-34.46,-58.91,75.2,5.82
132,natal,BR,20,1524006000,88,-5.81,-35.21,77,4.7
133,volksrust,ZA,32,1524007745,88,-27.36,29.88,51.9,2.59
134,uyuni,BO,0,1524007746,31,-20.46,-66.82,42.63,8.41
135,xai-xai,MZ,0,1524007746,100,-25.04,33.64,69.9,4.94
136,rumonge,BI,48,1524007746,100,-3.97,29.44,72.02,3.94
137,la asuncion,EC,44,1524007746,83,-1.64,-78.74,49.07,1.48
138,bay roberts,CA,90,1524006000,86,47.58,-53.28,26.6,9.17
139,santa vitoria do palmar,BR,20,1524007747,76,-33.52,-53.37,69.63,14.79
140,torva,EE,24,1524005400,93,58,25.93,41,12.75
141,gumdag,TM,36,1524007747,67,39.2,54.59,42.18,2.82
142,niquero,CU,64,1524007748,100,20.04,-77.58,76.38,3.94
143,thyboron,DK,32,1524007748,81,56.7,8.21,45.47,15.12
144,merke,KZ,92,1524007748,100,42.87,73.19,30.48,2.15
145,walvis bay,NA,0,1524006000,77,-22.95,14.51,64.4,10.98
146,tabou,CI,64,1524007749,100,4.42,-7.36,80.25,7.74
147,lagdo,CM,64,1524007749,90,9.06,13.67,75.84,2.26
148,calama,CL,0,1524006000,42,-22.46,-68.93,64.4,18.34
149,san agustin acasaguastlan,GT,64,1524007750,48,14.95,-89.97,76.2,1.81
150,tranas,SE,76,1524005400,87,58.04,14.98,44.6,8.05
151,tshela,CD,8,1524007751,85,-4.99,12.94,74.18,4.72
152,monte alegre,BR,56,1524007751,96,-2,-54.07,74.22,2.48
153,iberia,PE,88,1524007751,82,-11.41,-69.49,78.27,2.59
154,tosya,TR,12,1524007752,76,41.02,34.04,40.02,2.71
155,oranjestad,AW,40,1524006000,78,12.52,-70.03,82.4,21.92
156,las palmas,PE,40,1524006000,74,-6.53,-76.35,82.4,1.81
157,nizwa,OM,0,1524007753,60,22.93,57.53,64.46,1.81
158,tibati,CM,24,1524007753,93,6.47,12.63,64.5,2.93
159,aleksandrov gay,RU,56,1524007753,55,50.14,48.57,45.2,6.73
160,black river,JM,20,1524006000,69,18.03,-77.85,82.4,11.41
161,bhadrachalam,IN,0,1524007754,93,17.67,80.89,76.7,5.39
162,ust-tarka,RU,0,1524007754,65,55.56,75.71,6.18,3.6
163,picton,AU,75,1524006000,49,-34.17,150.61,69.8,5.82
164,okoneshnikovo,RU,8,1524007755,79,54.84,75.08,18.6,3.6
165,veraval,FR,0,1524006000,71,49.65,0.71,60.8,5.82
166,kristiansund,NO,92,1524005400,93,63.12,7.73,44.6,4.7
167,waddan,LY,0,1524007756,39,29.16,16.14,64.5,9.19
168,springdale,US,5,1524005880,39,36.19,-94.13,80.6,23.04
169,jupiter,US,20,1524005940,56,26.93,-80.09,71.6,6.93
170,krasnystaw,PL,0,1524007757,74,50.98,23.16,50.51,11.21
171,nova vicosa,BR,100,1524007757,99,-17.89,-39.37,73.05,13.22
172,puerto cabezas,NI,75,1524006000,74,14.04,-83.39,82.4,9.17
173,san andres,PH,0,1524007758,100,13.32,122.68,81.47,10.98
174,misasi,TZ,75,1524002400,93,-3.01,33.09,66.2,2.93
175,bonavista,CA,44,1524007759,96,48.65,-53.11,28.55,9.08
176,sisimiut,GL,48,1524007759,76,66.94,-53.67,12.8,1.36
177,liverpool,GB,40,1524005400,87,53.41,-2.98,55.4,9.17
178,udankudi,IN,76,1524007760,90,8.43,78.03,80.48,4.72
179,dharchula,IN,0,1524007760,68,29.85,80.53,36.2,2.93
180,joshimath,IN,0,1524007760,100,30.57,79.57,9.38,0.69
181,prudentopolis,BR,0,1524007761,80,-25.21,-50.98,63.78,5.95
182,vyartsilya,RU,100,1524007761,93,62.18,30.69,36.38,9.75
183,mount pleasant,US,1,1524005760,39,33.16,-94.97,82.4,19.46
184,trairi,BR,92,1524007762,100,-3.28,-39.27,75.8,3.83
185,rovaniemi,FI,0,1524005400,60,66.5,25.72,39.2,2.37
186,tahoua,NE,0,1524007763,24,14.89,5.26,78.9,9.86
187,pinar del rio,CU,0,1524007763,46,22.42,-83.7,80.12,6.4
188,barda,RU,0,1524007763,85,56.93,55.59,16.85,2.48
189,sidi ali,DZ,0,1524007764,90,36.1,0.42,47.27,2.59
190,concordia,AR,0,1524007764,69,-31.4,-58.02,75.17,6.06
191,pankrushikha,RU,12,1524007764,63,53.83,80.35,19.1,7.29
192,midland,US,0,1524005700,3,32,-102.08,93.2,19.46
193,ramshir,IR,0,1524006000,63,30.89,49.41,66.2,4.7
194,murindo,CO,92,1524007765,100,6.98,-76.75,73.23,1.14
195,isla mujeres,MX,0,1524007765,78,21.23,-86.73,76.52,8.97
196,erzurum,TR,0,1524005400,68,39.91,41.27,28.4,3.36
197,chake chake,TZ,56,1524007766,100,-5.25,39.77,81.15,15.01
198,mana,RS,90,1524006000,100,43.52,20.24,55.4,4.7
199,eenhana,NA,76,1524007767,94,-17.48,16.34,65.27,3.38
200,kutum,SD,0,1524007767,23,14.2,24.66,58.25,6.51
201,schruns,AT,0,1524005700,70,47.08,9.92,48.2,5.82
202,grand-lahou,CI,8,1524007767,89,5.24,-5,78.72,4.38
203,conde,BR,88,1524007768,86,-11.81,-37.61,78.32,7.52
204,zalaszentgrot,HU,0,1524005100,71,46.94,17.08,53.6,2.24
205,tromso,NO,0,1524005400,100,69.65,18.96,32,3.36
206,alta floresta,BR,24,1524007769,82,-9.87,-56.08,77.78,3.6
207,kanjiza,RS,75,1524005100,82,46.06,20.05,59,6.93
208,ferme-neuve,CA,92,1524007769,95,46.7,-75.45,38.72,5.84
209,gbadolite,CD,44,1524007770,88,4.28,21,74.22,5.28
210,boysun,UZ,88,1524007770,98,38.2,67.2,29.85,1.7
211,changji,CN,0,1524007770,83,32.07,116.17,63.02,4.72
212,gornopravdinsk,RU,0,1524007770,73,60.06,69.92,6.27,2.93
213,xapuri,BR,20,1524006000,70,-10.65,-68.5,84.2,3.04
214,tanout,NE,92,1524007771,21,14.97,8.88,79.53,5.73
215,portree,GB,80,1524007771,90,57.41,-6.19,48.62,22.39
216,la romana,DO,75,1524006000,74,18.43,-68.97,80.6,4.7
217,aksu,KZ,0,1524006000,79,52.04,76.93,19.4,4.47
218,barsovo,RU,0,1524006000,84,61.17,73.17,-2.21,6.71
219,urambo,TZ,64,1524007773,99,-5.07,32.07,64.05,2.37
220,muslyumovo,RU,0,1524007773,93,55.31,53.19,30.35,4.72
221,tanhacu,BR,68,1524007773,97,-14.02,-41.25,66.75,5.73
222,malanje,AO,44,1524007773,98,-9.54,16.35,64.55,2.71
223,japura,ID,92,1524007774,98,-0.42,102.29,72.65,2.71
224,itamarandiba,BR,92,1524007774,96,-17.86,-42.86,63.47,9.64
225,guanhaes,BR,92,1524007774,92,-18.77,-42.93,63.2,4.38
226,madimba,CM,40,1524006000,94,4.42,9.93,80.6,3.36
227,copacabana,CO,75,1524006000,69,6.35,-75.51,73.4,0.92
228,bracebridge,CA,90,1524006000,80,45.04,-79.31,30.2,5.82
229,kerouane,GN,12,1524007775,48,12.23,-12.34,74.72,3.15
230,winston,GB,1,1524005760,100,52.21,1.19,59,5.82
231,raudeberg,NO,92,1524005400,93,61.99,5.14,44.6,9.17
232,ginir,ET,48,1524007776,89,7.14,40.71,59.28,2.48
233,kiruna,SE,0,1524005400,72,67.86,20.23,32,5.82
234,bucarasica,CO,75,1524006000,83,8.04,-72.87,84.2,4.7
235,umba,RU,8,1524007777,92,66.69,34.34,20.36,2.71
236,barra patuca,HN,76,1524007778,93,15.8,-84.28,80.07,8.86
237,sindor,RU,0,1524007778,67,62.87,51.9,10.5,6.85
238,saint simons,US,1,1524005700,31,31.14,-81.39,77,10.29
239,satka,RU,32,1524007778,78,55.04,59.03,18.02,3.04
240,araguaina,BR,20,1524007577,94,-7.19,-48.21,72.2,2.37
241,kayerkan,RU,76,1524007779,86,69.35,87.76,2.18,7.63
242,moose factory,CA,90,1524006000,93,51.26,-80.61,32,12.75
243,baracoa,CU,68,1524007780,100,20.35,-74.5,77.15,8.63
244,ugoofaaru,MV,88,1524007780,100,5.67,73,85.16,6.17
245,varhaug,NO,75,1524005400,93,58.61,5.65,46.4,13.87
246,gazojak,TM,0,1524007780,76,41.19,61.4,40.07,1.92
247,dwarka,IN,0,1524004200,39,28.58,77.04,78.8,5.82
248,la tuque,CA,92,1524007592,98,47.44,-72.79,38.81,2.37
249,freetown,BS,20,1524006000,60,26.61,-78.36,73.4,8.05
250,maragogi,BR,92,1524007504,100,-9.01,-35.22,75.12,7.74
251,komatipoort,MZ,0,1524007782,82,-25.43,31.96,62.48,1.7
252,bonfim,BR,0,1524006000,56,-20.33,-44.24,68,8.05
253,dabakala,CI,48,1524007783,96,8.36,-4.43,73.46,10.31
254,los andes,CL,20,1524006000,43,-32.83,-70.6,75.2,8.05
255,santiago del estero,AR,36,1524007633,57,-27.8,-64.26,81.02,11.43
256,grootfontein,NA,0,1524007783,91,-19.56,18.1,54.87,0.58
257,praia,BR,0,1524006000,56,-20.25,-43.81,68,8.05
258,rincon,US,1,1524005760,31,32.3,-81.24,75.2,14.99
259,khorixas,NA,0,1524007784,96,-20.37,14.96,64.23,2.93
260,pszczyna,PL,92,1524006000,93,49.98,18.94,48.2,1.12
261,geraldton,CA,90,1524006000,76,49.72,-86.95,32,13.87
262,guajara,BR,20,1524006000,88,-0.88,-48.16,77,5.82
263,port victoria,AU,44,1524007786,77,-34.5,137.49,66.12,9.75
264,manavalakurichi,IN,20,1524004200,88,8.13,77.3,80.6,2.15
265,guane,CU,0,1524007786,46,22.2,-84.09,80.12,6.4
266,lastoursville,GA,36,1524007787,93,-0.81,12.73,75.08,2.04
267,puerto carreno,CO,75,1524006000,88,6.19,-67.49,78.8,4.7
268,cerinza,CO,92,1524007508,97,5.96,-72.95,55.01,1.92
269,cumbernauld,GB,76,1524005400,81,55.95,-3.99,51.8,12.75
270,uryupinsk,RU,80,1524007788,73,50.8,42.01,50.82,7.07
271,mangai,CD,20,1524007788,95,-4.07,19.59,73.68,2.15
272,naliya,IN,20,1524007789,80,23.26,68.83,73.91,7.96
273,sadon,RU,12,1524007789,90,42.85,44,20.67,1.7
274,yazman,SY,0,1524007789,49,36.74,38.46,50.55,2.71
275,vagur,FO,88,1524007789,89,61.47,-6.81,48.3,27.76
276,alexandria,US,1,1524006900,31,31.31,-92.44,78.8,20.8
277,arraias,BR,20,1524007790,72,-12.93,-46.94,71.93,9.42
278,saquena,PE,8,1524007790,91,-4.67,-73.52,76.61,2.71
279,louga,SN,40,1524006000,93,15.62,-16.22,64.4,4.7
280,pozo colorado,PY,0,1524007791,71,-23.49,-58.8,76.2,7.07
281,tabory,PL,0,1524007791,92,53.89,19.53,43.17,9.64
282,dombarovskiy,RU,32,1524007791,70,50.76,59.54,35.7,7.74
283,batsfjord,NO,75,1524001800,97,70.63,29.72,32,11.41
284,manicore,BR,24,1524007792,92,-5.81,-61.3,77.19,1.14
285,georgetown,GY,36,1524006000,83,6.8,-58.16,78.8,6.93
286,peniche,PT,0,1524006000,93,39.36,-9.38,59,1.12
287,port hawkesbury,CA,90,1524006360,93,45.62,-61.36,44.6,21.92
288,nanyuki,KE,88,1524007793,96,0.01,37.07,52.17,1.25
289,palivere,EE,88,1524007794,92,58.97,23.89,37.01,11.77
290,cambrai,FR,0,1524006000,71,50.18,3.24,53.6,3.36
291,tetiz,MX,5,1524005460,69,20.96,-89.93,82.4,11.41
292,nikolskoye,RU,90,1524006000,93,59.7,30.79,42.8,13.42
293,berezayka,RU,92,1524007795,99,57.99,33.91,53.21,12.21
294,aswan,EG,0,1524002400,11,24.09,32.9,84.2,4.7
295,gopalpur,IN,0,1524007796,86,25.6,86.94,69.41,10.87
296,makushino,RU,64,1524007796,78,55.21,67.25,22.83,6.29
297,kizilskoye,RU,92,1524007796,67,52.73,58.89,36.2,2.93
298,safranbolu,TR,0,1524007796,87,41.25,32.69,46.1,1.7
299,mocuba,MZ,80,1524007797,97,-16.84,36.99,68.19,4.94
300,punta gorda,US,1,1524006900,17,26.93,-82.05,82.4,4.7
301,kawambwa,ZM,36,1524007797,97,-9.8,29.07,64.91,1.59
302,progreso,UY,20,1524006000,73,-34.68,-56.22,77,9.17
303,bereda,ES,0,1524006000,82,43.27,-7.54,55.4,8.05
304,havre-saint-pierre,CA,90,1524006660,80,50.23,-63.6,33.8,25.28
305,barmer,IN,0,1524007798,33,25.74,71.4,69.27,2.59
306,beyneu,KZ,20,1524007799,74,45.32,55.19,37.46,4.72
307,mindelo,PT,0,1524006000,93,41.31,-8.72,55.4,8.75
308,la rosa,CL,0,1524007799,85,-34.33,-71.75,58.52,17.02
309,pocinhos,BR,75,1524002400,94,-7.08,-36.06,73.4,5.82
310,colares,PT,0,1524006000,67,38.8,-9.45,59,8.05
311,praia da vitoria,PT,75,1524006000,87,38.73,-27.07,46.4,25.3
312,lubben,DE,0,1524007200,87,51.95,13.9,48.2,2.24
313,carmarthen,GB,92,1524007801,89,51.86,-4.31,51.68,17.69
314,port perry,CA,90,1524006720,69,44.1,-78.95,35.6,8.05
315,leverkusen,DE,0,1524007200,76,51.03,6.99,53.6,1.12
316,sault sainte marie,CA,90,1524006480,74,46.49,-84.36,35.6,12.75
317,ambovombe,MG,64,1524007804,87,-25.18,46.09,71.97,15.12
318,kargat,RU,88,1524007804,77,55.19,80.28,22.92,3.38
319,palora,EC,68,1524007818,83,-1.7,-77.97,64.68,2.93
320,zhanaozen,KZ,0,1524007819,86,43.35,52.85,33.27,2.59
321,lagos,NG,20,1524006000,83,6.46,3.39,82.4,2.24
322,inhambane,MZ,0,1524007820,100,-23.87,35.38,69.54,5.95
323,vieques,PR,75,1524005760,78,18.43,-65.83,78.8,5.82
324,ilo,PE,0,1524007807,96,-17.65,-71.34,61.4,2.37
325,kuryk,KZ,0,1524007807,92,43.18,51.68,43.98,8.41
326,eskisehir,TR,0,1524005400,76,39.78,30.52,51.8,4.7
327,tsogni,GA,56,1524007808,100,-2.79,10.1,81.78,7.52
328,plouzane,FR,75,1524006000,82,48.38,-4.62,55.4,13.87
329,santa isabel do rio negro,BR,88,1524007809,94,-0.41,-65.02,75.08,0.58
330,barra do bugres,BR,24,1524007809,85,-15.07,-57.19,73.73,5.28
331,kasongo-lunda,CD,76,1524007809,93,-6.48,16.82,71.66,2.15
332,biltine,TD,0,1524007810,14,14.53,20.93,75.48,14.79
333,lumeje,AO,8,1524007810,90,-11.56,20.78,65.4,2.82
334,tyukalinsk,RU,0,1524007810,60,55.87,72.2,8.07,4.61
335,pitimbu,BR,0,1524006000,83,-7.47,-34.81,78.8,4.7
336,visnes,NO,92,1524005400,93,59.36,5.22,46.4,17.22
337,bani,PH,12,1524007812,83,15.89,120.27,81.78,2.93
338,sassenberg,DE,0,1524007200,87,51.99,8.04,53.6,1.12
339,aviles,ES,0,1524006000,93,43.55,-5.92,51.8,2.24
340,temiscaming,CA,90,1524006000,100,46.72,-79.1,30.2,10.29
341,gorele,TR,0,1524005400,81,41.03,39,51.8,3.36
342,witu,KE,92,1524007813,85,-2.39,40.44,79.22,7.52
343,traverse city,US,90,1524006900,92,44.76,-85.62,33.8,16.11
344,ballina,IE,88,1524007814,89,54.11,-9.15,51.54,19.26
345,doha,QA,0,1524006000,24,25.29,51.53,80.6,11.41
346,chipinge,ZW,0,1524007814,90,-20.19,32.62,56.18,2.26
347,goure,NE,24,1524007815,44,13.98,10.27,75.75,2.71
348,mogadishu,SO,80,1524007613,100,2.04,45.34,79.8,16.69
349,saint-jean-de-braye,FR,0,1524006000,76,47.92,1.97,53.6,2.24
350,blyth,GB,0,1524005400,76,55.12,-1.5,51.8,6.93
351,marevo,BA,90,1524006000,100,43.57,18.7,51.8,3.36
352,scarborough,GB,80,1524005400,87,54.28,-0.41,57.2,11.41
353,siuna,NI,44,1524007817,93,13.73,-84.78,73.77,3.27
354,richmond,CA,90,1524006000,58,49.16,-123.14,53.6,6.93
355,nador,MA,0,1524006000,93,35.17,-2.93,50,3.36
356,terme,TR,40,1524005400,87,41.21,36.97,50,9.42
357,conakry,GN,0,1524007819,100,9.52,-13.7,79.22,9.31
358,lulea,SE,0,1524005400,71,65.58,22.15,32,1.12
359,pervomayskoye,RU,36,1524007819,81,57.07,86.23,15.23,6.73
360,zheleznodorozhnyy,RU,0,1524006000,81,55.75,38,55.4,8.95
361,iquitos,PE,75,1524006000,94,-3.75,-73.25,77,3.27
362,srivardhan,IN,20,1524007821,98,18.03,73.02,75.26,3.38
363,santa cruz,US,1,1524005760,51,36.97,-122.03,66.2,10.29
364,druzhba,UA,76,1524007822,81,49.36,25.65,56.4,14.67
365,krutikha,RU,0,1524007822,67,53.96,81.21,17.79,5.5
366,axim,GH,0,1524007823,98,4.87,-2.24,82.73,10.09
367,santomera,ES,0,1524006000,82,38.06,-1.05,55.4,1.7
368,durham,GB,0,1524005400,76,54.78,-1.58,55.4,6.93
369,bulaevo,KZ,20,1524007824,80,54.91,70.44,15.54,2.04
370,tombouctou,ML,0,1524007824,27,16.77,-3.01,66.75,3.6
371,starobaltachevo,RU,44,1524007824,81,56,55.92,22.92,6.62
372,pinega,RU,0,1524007825,89,64.7,43.39,26.88,4.61
373,akhmim,EG,0,1524007825,43,26.56,31.74,66.17,2.59
374,oyo,NG,8,1524007825,76,7.84,3.93,78.18,9.08
375,odesskoye,RU,68,1524007826,78,54.21,72.97,21.53,3.04
376,firminy,FR,0,1524006000,87,45.39,4.29,57.2,2.24
377,ibipeba,BR,48,1524007826,69,-11.64,-42.01,72.69,10.76
378,saint-georges,CA,88,1524007827,93,46.12,-70.67,32.87,6.4
379,arauca,VE,75,1524006000,100,7.08,-70.76,73.4,6.93
380,felipe carrillo puerto,MX,0,1524007827,45,19.58,-88.05,80.66,7.63
381,kosh-agach,RU,48,1524007827,60,49.99,88.66,28.77,5.73
382,vikersund,NO,48,1524007828,88,59.97,9.99,31.65,2.48
383,bahia honda,CU,0,1524007828,54,22.9,-83.16,74.58,9.64
384,kjollefjord,NO,92,1524007828,93,70.95,27.35,34.44,7.63
385,dongobesh,TZ,36,1524007829,88,-4.07,35.37,53.43,2.15
386,port-cartier,CA,90,1524006000,86,50.03,-66.88,30.2,24.16
387,djibo,BF,0,1524007829,19,14.1,-1.63,76.61,11.43
388,tapiramuta,BR,92,1524007830,93,-11.85,-40.79,69.72,7.85
389,bageshwar,IN,0,1524007830,58,29.85,79.77,43.76,3.6
390,bafq,IR,44,1524007830,99,31.6,55.4,40.43,3.04
391,mercedes,UY,68,1524007831,56,-33.25,-58.03,78.05,5.5
392,skibbereen,IE,75,1524004200,100,51.55,-9.27,50,13.87
393,rio do sul,BR,64,1524007831,91,-27.22,-49.64,62.66,3.38
394,asenovgrad,BG,36,1524006000,93,42.01,24.88,48.2,2.24
395,balkanabat,TM,36,1524007832,80,39.51,54.36,34.58,2.26
396,balaka,MW,88,1524007832,96,-14.99,34.96,64.55,4.94
397,lanivtsi,UA,80,1524007832,79,49.87,26.08,55.01,15.68
398,novyy urengoy,RU,48,1524007833,82,66.08,76.63,3.57,13.44
399,maiduguri,NG,92,1524007833,40,11.84,13.15,91.05,4.5
400,jacobina,BR,68,1524007833,76,-11.19,-40.51,71.43,11.54
401,manta,RO,80,1524007834,82,45.1,24.1,54.2,2.71
402,boralday,KZ,90,1524006000,70,43.36,76.86,48.2,15.66
403,macapa,BR,20,1524006000,100,0.05,-51.07,78.8,5.82
404,laguna,MX,5,1524005160,14,27.52,-110.01,87.8,5.84
405,zavetnoye,RU,8,1524007835,78,47.12,43.89,41.64,2.93
406,xuddur,SO,56,1524007835,95,4.12,43.89,68.06,2.59
407,leh,IN,76,1524007802,88,34.16,77.58,9.42,0.69
408,bodden town,KY,40,1524006000,74,19.28,-81.25,82.4,12.75
409,marsh harbour,BS,0,1524007728,100,26.54,-77.06,72.65,9.75
410,yuksekova,TR,0,1524006000,80,37.57,44.29,39.2,9.17
411,rio cuarto,AR,75,1524006000,57,-33.13,-64.35,77,2.15
412,muhos,FI,0,1524005400,92,64.81,26,30.2,2.37
413,awjilah,LY,0,1524007837,47,29.14,21.3,62.12,6.62
414,wani,IN,0,1524007837,68,20.06,78.96,74.63,4.05
415,yarmouth,GB,0,1524005400,76,50.71,-1.5,55.4,14.99
416,neuquen,AR,0,1524006000,50,-38.95,-68.06,55.4,1.12
417,kumluca,TR,0,1524007838,71,36.37,30.29,38.85,0.81
418,san lazaro,BZ,40,1524006360,65,18.04,-88.66,80.6,11.41
419,mammaste,EE,0,1524005400,93,58.07,27.05,41,12.75
420,rajampet,IN,0,1524007839,85,14.19,79.16,73.32,2.26
421,skagen,SE,44,1524005400,70,58.6,13.44,46.4,5.82
422,duku,NG,0,1524007840,40,11.24,4.91,83.81,7.07
423,rehoboth,NA,12,1524007840,73,-23.31,17.08,55.5,2.71
424,nantucket,US,75,1524006900,75,41.28,-70.1,44.6,23.04
425,sucua,EC,12,1524007840,77,-2.46,-78.17,67.02,3.6
426,emirdag,TR,0,1524007841,91,39.02,31.15,45.65,2.59
427,perevolotskiy,RU,8,1524007841,75,51.88,54.19,38.81,3.6
428,kangaatsiaq,GL,20,1524007841,90,68.31,-53.46,17.21,5.84
429,sao miguel do araguaia,BR,92,1524007842,80,-13.28,-50.16,75.71,5.95
430,abalak,NE,0,1524007842,24,15.46,6.28,78.41,10.42
431,manaure,CO,75,1524006000,83,11.78,-72.45,80.6,17.22
432,moussoro,TD,0,1524007842,52,13.64,16.49,73.73,2.82
433,vallenar,CL,0,1524007843,93,-28.58,-70.76,59.55,1.7
434,puerto del rosario,ES,0,1524006000,88,28.5,-13.86,66.2,6.93
435,lincoln,GB,75,1524005400,82,53.23,-0.54,59,16.11
436,bridlington,GB,12,1524005400,87,54.08,-0.19,59,11.41
437,dudinka,RU,64,1524007844,88,69.41,86.18,-0.57,7.18
438,godinesti,RO,92,1524007844,94,45,22.97,52.85,2.04
439,turbat,PK,0,1524007845,66,26,63.05,65.72,2.93
440,abdanan,IR,0,1524007845,89,32.99,47.42,44.25,2.26
441,kedougou,SN,0,1524007845,33,12.56,-12.19,79.89,6.06
442,syracuse,US,90,1524005760,62,43.05,-76.15,33.8,12.75
443,povenets,RU,12,1524007846,91,62.85,34.83,29.58,5.17
444,upington,ZA,20,1524006000,77,-28.46,21.24,66.2,5.82
445,caconda,AO,0,1524007846,93,-13.73,15.06,56.49,2.71
446,shache,CN,0,1524007847,76,38.42,77.24,48.53,3.94
447,arlit,NE,0,1524007847,23,18.74,7.39,72.24,5.06
448,camacha,PT,20,1524006000,88,33.08,-16.33,64.4,6.93
449,meulaboh,ID,92,1524007848,100,4.14,96.13,76.43,5.39
450,kankaanpaa,FI,90,1524007200,100,61.8,22.42,35.6,2.24
451,potiskum,NG,8,1524007848,36,11.71,11.08,80.48,6.62
452,coihueco,CL,0,1524006000,62,-36.63,-71.83,57.2,8.05
453,helsinki,FI,75,1524005400,93,60.17,24.94,41,9.17
454,farafangana,MG,80,1524007849,100,-22.82,47.83,74.85,8.75
455,ajdabiya,LY,0,1524007849,92,30.75,20.22,56.72,8.41
456,malappuram,IN,40,1524006000,83,11.04,76.08,82.4,2.24
457,mubi,NG,80,1524007850,54,10.27,13.26,80.25,2.71
458,muros,ES,20,1524006000,100,42.77,-9.06,51.8,4.7
459,goose creek,US,1,1524006900,55,38.32,-85.65,60.8,9.17
460,tessaoua,NE,12,1524007851,26,13.76,7.99,80.7,9.42
461,teguise,ES,0,1524006000,72,29.06,-13.56,66.2,3.36
462,carahue,CL,0,1524007851,93,-38.71,-73.16,51.77,8.97
463,kilimatinde,TZ,88,1524007852,92,-5.75,34.82,63.02,2.04
464,lucea,JM,20,1524006000,69,18.44,-78.17,82.4,11.41
465,kampene,CD,80,1524007852,95,-3.59,26.67,69.45,2.71
466,goya,AR,0,1524007853,75,-29.14,-59.27,74.45,6.62
467,razole,IN,32,1524007853,99,16.48,81.84,84.62,13.67
468,farah,AF,92,1524007853,100,32.37,62.11,50.28,3.71
469,balkhash,KZ,88,1524007853,95,46.84,74.98,42.9,7.4
470,mudbidri,IN,75,1524006000,88,13.08,74.98,77,4.7
471,mandera,ET,76,1524007854,92,3.94,41.86,72.83,2.26
472,puerto leguizamo,CO,80,1524007854,99,-0.19,-74.78,72.33,2.26
473,saint-joseph,FR,0,1524006000,87,43.56,6.97,62.6,3.36
474,banda aceh,ID,12,1524007855,98,5.56,95.32,75.03,2.37
475,nagpur,IN,20,1524004200,45,21.15,79.08,84.2,3.36
476,puerto colombia,CO,40,1524006000,83,10.99,-74.96,80.6,12.75
477,grand-santi,GF,24,1524007856,99,4.27,-54.38,71.93,2.59
478,san luis,AR,100,1524007708,72,-33.3,-66.34,67.83,8.19
479,tarija,BO,20,1524006000,63,-21.53,-64.73,64.4,6.93
480,saint-michel-des-saints,CA,92,1524007857,96,46.68,-73.92,37.95,5.06
481,pokhara,NP,0,1524007857,66,28.21,83.99,54.47,3.38
482,saint-marc,HT,100,1524007857,86,19.1,-72.7,74.67,0.36
483,devavanya,HU,0,1524005100,63,47.03,20.97,60.8,13.87
484,salinas,US,1,1524005700,51,36.67,-121.66,64.4,14.99
485,harnai,PK,64,1524007858,45,30.1,67.94,57.62,2.37
486,cap-aux-meules,CA,90,1524006000,92,47.38,-61.86,33.8,38.03
487,nazca,PE,0,1524007859,69,-14.83,-74.94,64.77,2.71
488,el seibo,DO,75,1524006000,74,18.76,-69.04,82.4,4.7
489,edd,ER,8,1524007860,88,13.93,41.69,71.12,2.48
490,severodvinsk,RU,0,1524006000,79,64.56,39.82,26.6,6.17
491,gashua,NG,0,1524007860,51,12.87,11.04,77.1,3.15
492,troitsko-pechorsk,RU,0,1524007860,67,62.71,56.19,5.37,4.72
493,stepankovice,CZ,36,1524006000,100,49.96,18.04,46.4,2.24
494,begun,IN,0,1524007861,40,24.99,75.01,64.68,3.15
495,kisanga,CD,8,1524007862,86,-11.72,27.4,58.02,4.16
496,buribay,RU,80,1524007862,69,51.96,58.16,32.96,2.59
497,lasa,CY,0,1524006000,51,34.92,32.53,62.6,6.93
498,mantua,IT,75,1524005700,77,45.16,10.79,60.8,2.24
499,rusape,ZW,36,1524007863,94,-18.53,32.12,50.37,2.26
500,bure,NG,0,1524007863,40,10.52,10.33,84.71,10.87
501,padang,ID,44,1524007864,100,-0.92,100.36,79.62,4.61
502,paducah,US,1,1524006900,43,37.08,-88.6,71.6,3.36
503,la rioja,AR,44,1524007864,72,-29.41,-66.86,70.4,2.93
504,djambala,CG,8,1524007864,81,-2.55,14.76,74.27,3.6
505,tikrit,IQ,0,1524007865,40,34.62,43.68,51.18,2.37
506,mahalapye,BW,0,1524007865,68,-23.11,26.83,60.95,6.85
507,piacabucu,BR,92,1524007865,76,-10.41,-36.43,78.41,7.85
508,talnakh,RU,88,1524007865,85,69.49,88.39,2.22,5.95
509,kirovskiy,RU,56,1524007866,50,45.09,133.51,55.23,6.06
510,fort wellington,GY,80,1524007866,100,6.4,-57.6,78.32,14
511,valdivia,CL,20,1524006000,81,-39.81,-73.25,50,3.36
512,igarka,RU,56,1524007866,83,67.47,86.57,0.65,13.33
513,wum,CM,56,1524007867,95,6.39,10.08,66.75,3.15
514,jizan,SA,20,1524006000,79,16.89,42.56,86,4.7
515,gabu,CN,0,1524007867,68,34.78,103,25.98,2.59
516,palmeirais,BR,88,1524007868,83,-5.97,-43.06,75.84,5.84
517,acajutla,SV,0,1524005400,45,13.59,-89.83,87.8,4.7
518,sivas,TR,0,1524007868,72,39.75,37.01,28.05,2.82
519,lubaczow,PL,90,1524006000,81,50.16,23.12,51.8,2.24
520,nizhniy baskunchak,RU,0,1524007869,72,48.22,46.83,40.29,3.15
521,jumla,NP,0,1524007869,80,29.28,82.18,30.3,2.48
522,sosva,RU,12,1524007870,88,59.17,61.86,14.87,2.48
523,winchester,GB,0,1524005400,76,51.06,-1.31,55.4,14.99
524,marzuq,YE,0,1524007871,92,14.4,46.47,55.73,2.48
525,thurso,GB,36,1524005400,81,58.6,-3.52,50,10.29
526,kamoke,PK,0,1524006000,60,31.97,74.22,75.2,5.82
527,salgar,CO,75,1524006000,69,5.96,-75.98,73.4,1.14
528,wattegama,LK,68,1524007872,96,7.35,80.68,71.79,2.59
529,bumba,CD,32,1524007873,88,2.18,22.47,71.52,4.94
530,korcula,HR,40,1524006000,77,42.96,17.14,59,4.7
531,primorsko-akhtarsk,RU,0,1524007873,90,46.05,38.18,49.16,4.61
532,labytnangi,RU,48,1524007874,73,66.66,66.39,6.18,14
533,manjacaze,MZ,0,1524007874,86,-24.71,33.88,62.57,4.38
534,kayes,ML,0,1524007874,34,14.44,-11.44,79.22,6.85
535,little current,CA,90,1524006000,78,45.98,-81.93,33.8,11.41
536,turukhansk,RU,48,1524007875,88,65.8,87.96,1.77,12.55
537,pauini,BR,24,1524007875,90,-7.71,-67,77.1,3.38
538,grand gaube,MU,75,1524006000,88,-20.01,57.66,78.8,14.99
539,mao,DO,40,1524006000,78,19.55,-71.08,80.6,10.29
540,blejoi,RO,0,1524006000,93,44.99,26.01,55.4,4.7
541,marsaxlokk,MT,0,1524005100,87,35.84,14.54,59,4.7
542,skelleftea,SE,0,1524005400,86,64.75,20.95,28.4,5.82
543,aras,YE,64,1524007877,70,14.28,44.38,54.11,1.7
544,yarada,IN,24,1524007877,99,17.65,83.27,84.53,16.46
545,matamba,CD,76,1524007878,96,-5.95,22.27,69.99,3.27
546,mazabuka,ZM,0,1524007878,76,-15.86,27.75,62.3,5.17
547,new smyrna beach,US,5,1524005760,53,29.03,-80.93,77,5.82
548,kisangani,CD,92,1524007880,100,0.52,25.21,69.54,2.26
549,diamantino,BR,48,1524007880,88,-14.4,-56.44,74,2.71
550,shubarkuduk,KZ,36,1524007880,76,49.15,56.49,38.9,3.15
551,balezino,RU,0,1524007881,72,57.97,53.01,14.51,3.15
552,brandon,US,1,1524006900,69,43.59,-96.57,39.2,13.87
553,miram shah,PK,92,1524007881,90,33.01,70.07,51.9,3.15
554,miandrivazo,MG,92,1524007882,96,-19.53,45.46,67.92,3.04
555,bar harbor,US,90,1524006840,93,44.39,-68.2,42.8,10.29
